num,name,size,fileOffset,comment
0:	,00057145.jpg 	 ,      1 MB 	 ,  29258240 	 ,
1:	,00070034.jpg 	 ,    248 KB 	 ,  35857408 	 ,
2:	,00087716.jpg 	 ,    166 KB 	 ,  44910592 	 ,
3:	,00089029.jpg 	 ,    683 KB 	 ,  45582848 	 ,
4:	,00093780.jpg 	 ,      3 MB 	 ,  48015360 	 ,
5:	,00185369.wmv 	 ,      6 MB 	 ,  94908928 	 ,
6:	,00020014.avi 	 ,      8 MB 	 ,  10247168 	 ,
7:	,00102682.htm 	 ,      1 KB 	 ,  52573472 	 ,
8:	,00102704.htm 	 ,      2 KB 	 ,  52584860 	 ,
9:	,00202488.htm 	 ,      3 KB 	 , 103674124 	 ,
10:	,00083486.ole 	 ,      5 MB 	 ,  42744832 	 ,
11:	,00102857.mpg 	 ,      4 MB 	 ,  52662784 	 ,
12:	,00201618.pdf 	 ,    306 KB 	 , 103228416 	 , (PDF is Linearized)
13:	,00254789.jpg 	 ,    434 KB 	 , 130451968 	 ,
14:	,00335096.jpg 	 ,    406 KB 	 , 171569152 	 ,
15:	,00336372.jpg 	 ,      2 MB 	 , 172222464 	 ,
16:	,00343552.jpg 	 ,    330 KB 	 , 175898624 	 ,
17:	,00350010.jpg 	 ,    309 KB 	 , 179205120 	 ,
18:	,00259227.avi 	 ,      5 MB 	 , 132724224 	 ,
19:	,00207714.htm 	 ,      3 KB 	 , 106349942 	 ,
20:	,00290518.htm 	 ,    273 KB 	 , 148745355 	 ,
21:	,00357626.zip 	 ,   1024 KB 	 , 183104516 	 ,
22:	,00361725.exe 	 ,    480 KB 	 , 185203200 	 ,01/14/2007 20:29:02
23:	,00371762.exe 	 ,    476 KB 	 , 190342144 	 ,01/14/2007 20:29:05
24:	,00210073.mpg 	 ,      1 MB 	 , 107557376 	 ,
25:	,00220449.mpg 	 ,      2 MB 	 , 112869888 	 ,
26:	,00291114.mpg 	 ,      5 MB 	 , 149050368 	 ,
27:	,00444785.jpg 	 ,    234 KB 	 , 227729920 	 ,
28:	,00446112.jpg 	 ,    166 KB 	 , 228409344 	 ,
29:	,00520400.jpg 	 ,      1 MB 	 , 266444800 	 ,
30:	,00591405.jpg 	 ,    157 KB 	 , 302799747 	 ,
31:	,00591723.jpg 	 ,     68 KB 	 , 302962390 	 ,
32:	,00591867.jpg 	 ,     79 KB 	 , 303036049 	 ,
33:	,00592032.jpg 	 ,     62 KB 	 , 303120770 	 ,
34:	,00592159.jpg 	 ,     83 KB 	 , 303185820 	 ,
35:	,00592330.jpg 	 ,     41 KB 	 , 303273404 	 ,
36:	,00592413.jpg 	 ,     51 KB 	 , 303315850 	 ,
37:	,00592521.jpg 	 ,     65 KB 	 , 303370861 	 ,
38:	,00592817.jpg 	 ,     22 KB 	 , 303522618 	 ,
39:	,00592866.jpg 	 ,     58 KB 	 , 303547507 	 ,
40:	,00592982.jpg 	 ,     23 KB 	 , 303607104 	 ,
41:	,00593032.jpg 	 ,     21 KB 	 , 303632516 	 ,
42:	,00437599.bmp 	 ,     12 KB 	 , 224050692 	 , (605 x 169)
43:	,00611723.htm 	 ,      1 KB 	 , 313202209 	 ,
44:	,00611749.htm 	 ,      3 KB 	 , 313215910 	 ,
45:	,00611814.htm 	 ,      3 KB 	 , 313249062 	 ,
46:	,00611846.htm 	 ,      4 KB 	 , 313265387 	 ,
47:	,00611874.htm 	 ,      2 KB 	 , 313279493 	 ,
48:	,00611897.htm 	 ,      3 KB 	 , 313291343 	 ,
49:	,00611923.htm 	 ,      1 KB 	 , 313304850 	 ,
50:	,00611937.htm 	 ,      3 KB 	 , 313312073 	 ,
51:	,00611971.htm 	 ,      1 KB 	 , 313329203 	 ,
52:	,00612017.htm 	 ,      1 KB 	 , 313352911 	 ,
53:	,00612029.htm 	 ,      1 KB 	 , 313359320 	 ,
54:	,00612053.htm 	 ,      5 KB 	 , 313371632 	 ,
55:	,00612073.htm 	 ,      4 KB 	 , 313381655 	 ,
56:	,00612086.htm 	 ,      1 KB 	 , 313388179 	 ,
57:	,00612127.htm 	 ,      1 KB 	 , 313409292 	 ,
58:	,00612181.htm 	 ,      1 KB 	 , 313436727 	 ,
59:	,00612187.htm 	 ,     481 B 	 , 313439852 	 ,
60:	,00612196.htm 	 ,     406 B 	 , 313444417 	 ,
61:	,00612260.htm 	 ,     10 KB 	 , 313477471 	 ,
62:	,00612286.htm 	 ,      1 KB 	 , 313490886 	 ,
63:	,00612294.htm 	 ,      1 KB 	 , 313494905 	 ,
64:	,00612307.htm 	 ,     741 B 	 , 313501189 	 ,
65:	,00612311.htm 	 ,     734 B 	 , 313503531 	 ,
66:	,00612322.htm 	 ,      6 KB 	 , 313508975 	 ,
67:	,00612348.htm 	 ,      1 KB 	 , 313522667 	 ,
68:	,00612358.htm 	 ,      3 KB 	 , 313527391 	 ,
69:	,00612386.htm 	 ,      3 KB 	 , 313542141 	 ,
70:	,00612408.htm 	 ,     871 B 	 , 313553226 	 ,
71:	,00612413.htm 	 ,     871 B 	 , 313555647 	 ,
72:	,00612424.htm 	 ,      3 KB 	 , 313561121 	 ,
73:	,00612450.htm 	 ,     43 KB 	 , 313574806 	 ,
74:	,00612541.htm 	 ,     13 KB 	 , 313621190 	 ,
75:	,00612571.htm 	 ,      1 KB 	 , 313636472 	 ,
76:	,00612586.htm 	 ,      6 KB 	 , 313644123 	 ,
77:	,00612608.htm 	 ,      1 KB 	 , 313655746 	 ,
78:	,00612632.htm 	 ,      1 KB 	 , 313667646 	 ,
79:	,00612710.htm 	 ,      1 KB 	 , 313707879 	 ,
80:	,00612717.htm 	 ,     736 B 	 , 313711305 	 ,
81:	,00612721.htm 	 ,     742 B 	 , 313713637 	 ,
82:	,00612740.htm 	 ,      6 KB 	 , 313722918 	 ,
83:	,00612773.htm 	 ,      4 KB 	 , 313739835 	 ,
84:	,00612833.htm 	 ,      3 KB 	 , 313771005 	 ,
85:	,00612866.htm 	 ,      3 KB 	 , 313787538 	 ,
86:	,00612914.htm 	 ,     881 B 	 , 313812096 	 ,
87:	,00612919.htm 	 ,     881 B 	 , 313814534 	 ,
88:	,00612936.htm 	 ,      1 KB 	 , 313823367 	 ,
89:	,00612949.htm 	 ,      1 KB 	 , 313830113 	 ,
90:	,00612958.htm 	 ,      1 KB 	 , 313834628 	 ,
91:	,00612965.htm 	 ,      1 KB 	 , 313838460 	 ,
92:	,00612973.htm 	 ,      3 KB 	 , 313842577 	 ,
93:	,00613000.htm 	 ,     933 B 	 , 313856113 	 ,
94:	,00613016.htm 	 ,      2 KB 	 , 313864575 	 ,
95:	,00613035.htm 	 ,      1 KB 	 , 313874086 	 ,
96:	,00613043.htm 	 ,      1 KB 	 , 313878232 	 ,
97:	,00613050.htm 	 ,      1 KB 	 , 313881856 	 ,
98:	,00613071.htm 	 ,    1023 B 	 , 313892572 	 ,
99:	,00613077.htm 	 ,     918 B 	 , 313895807 	 ,
100:,	00613127.htm ,	       2 KB 	,  313921497 ,
101:,	00613169.htm ,	       1 KB 	,  313942936 ,
102:,	00613202.htm ,	      905 B 	,  313959718 ,
103:,	00613274.htm ,	      214 B 	,  313996774 ,
104:,	00613284.htm ,	       3 KB 	,  314001607 ,
105:,	00613314.htm ,	       3 KB 	,  314016833 ,
106:,	00613356.htm ,	       1 KB 	,  314038686 ,
107:,	00613362.htm ,	      398 B 	,  314041677 ,
108:,	00613404.htm ,	       1 KB 	,  314063342 ,
109:,	00613409.htm ,	      329 B 	,  314065798 ,
110:,	00613416.htm ,	       1 KB 	,  314069178 ,
111:,	00613461.htm ,	       3 KB 	,  314092042 ,
112:,	00613492.htm ,	      14 KB 	,  314108092 ,
113:,	00613536.htm ,	       2 KB 	,  314130877 ,
114:,	00613618.htm ,	       1 KB 	,  314172736 ,
115:,	00613623.htm ,	       1 KB 	,  314175401 ,
116:,	00613629.htm ,	      214 B 	,  314178077 ,
117:,	00613632.htm ,	      214 B 	,  314179836 ,
118:,	00613643.htm ,	       2 KB 	,  314185605 ,
119:,	00613682.htm ,	       4 KB 	,  314205247 ,
120:,	00613744.htm ,	       3 KB 	,  314237172 ,
121:,	00613806.htm ,	      18 KB 	,  314268857 ,
122:,	00613865.htm ,	      11 KB 	,  314299122 ,
123:,	00613922.htm ,	      18 KB 	,  314328556 ,
124:,	00613964.htm ,	       4 KB 	,  314349604 ,
125:,	00613997.htm ,	       2 KB 	,  314366623 ,
126:,	00614010.htm ,	       2 KB 	,  314373631 ,
127:,	00614026.htm ,	       2 KB 	,  314381506 ,
128:,	00614065.htm ,	       1 KB 	,  314401356 ,
129:,	00614085.htm ,	     1015 B 	,  314411933 ,
130:,	00614090.htm ,	     1013 B 	,  314414566 ,
131:,	00614098.htm ,	       2 KB 	,  314418316 ,
132:,	00614113.htm ,	       3 KB 	,  314426102 ,
133:,	00614133.htm ,	       1 KB 	,  314436524 ,
134:,	00614138.htm ,	       1 KB 	,  314439102 ,
135:,	00614190.htm ,	       1 KB 	,  314465381 ,
136:,	00596790.exe ,	     480 KB 	,  305556480 ,	 01/14/2007 20:28:36
137:,	00433410.png ,	      12 KB 	,  221905975 ,	  (486 x 596)
138:,	00598557.mpg ,	       1 MB 	,  306461184 ,
139:,	00648613.jpg ,	     147 KB 	,  332089856 ,
140:,	00649204.jpg ,	     895 KB 	,  332392448 ,
141:,	00614414.htm ,	      730 B 	,  314579990 ,
142:,	00614421.htm ,	       1 KB 	,  314583706 ,
143:,	00614432.htm ,	       3 KB 	,  314589614 ,
144:,	00614455.htm ,	      924 B 	,  314601012 ,
145:,	00614537.htm ,	       3 KB 	,  314643050 ,
146:,	00614571.htm ,	       3 KB 	,  314660371 ,
147:,	00614622.htm ,	      11 KB 	,  314686838 ,
148:,	00614648.htm ,	      281 B 	,  314700201 ,
149:,	00614667.htm ,	       1 KB 	,  314709900 ,
150:,	00614693.htm ,	       4 KB 	,  314722885 ,
151:,	00614730.htm ,	       2 KB 	,  314741954 ,
152:,	00614741.htm ,	       1 KB 	,  314747537 ,
153:,	00614748.htm ,	      195 B 	,  314751486 ,
154:,	00615041.htm ,	       1 KB 	,  314901394 ,
155:,	00615050.htm ,	       2 KB 	,  314905654 ,
156:,	00615076.htm ,	       2 KB 	,  314919134 ,
157:,	00615106.htm ,	       1 KB 	,  314934460 ,
158:,	00615145.htm ,	      569 B 	,  314954677 ,
159:,	00615150.htm ,	      569 B 	,  314956833 ,
160:,	00615156.htm ,	       5 KB 	,  314959948 ,
161:,	00615171.htm ,	       5 KB 	,  314968034 ,
162:,	00615185.htm ,	       1 KB 	,  314975073 ,
163:,	00615198.htm ,	       4 KB 	,  314981808 ,
164:,	00615995.htm ,	       3 KB 	,  315389511 ,
165:,	00616016.htm ,	       6 KB 	,  315400611 ,
166:,	00616044.htm ,	       4 KB 	,  315415018 ,
167:,	00616113.htm ,	      656 B 	,  315450350 ,
168:,	00616118.htm ,	      656 B 	,  315452541 ,
169:,	00616179.htm ,	       1 KB 	,  315483945 ,
170:,	00616193.htm ,	       4 KB 	,  315491098 ,
171:,	00616255.htm ,	      216 B 	,  315522959 ,
172:,	00616266.htm ,	       1 KB 	,  315528699 ,
173:,	00616273.htm ,	       1 KB 	,  315532165 ,
174:,	00616288.htm ,	       9 KB 	,  315539563 ,
175:,	00616318.htm ,	       2 KB 	,  315554907 ,
176:,	00616344.htm ,	       1 KB 	,  315568447 ,
177:,	00616367.htm ,	      736 B 	,  315580159 ,
178:,	00616372.htm ,	      428 B 	,  315582759 ,
179:,	00616408.htm ,	       3 KB 	,  315601394 ,
180:,	00616473.htm ,	       1 KB 	,  315634580 ,
181:,	00616480.htm ,	       1 KB 	,  315638046 ,
182:,	00616485.htm ,	       1 KB 	,  315640730 ,
183:,	00616499.htm ,	       9 KB 	,  315647601 ,
184:,	00616525.htm ,	      10 KB 	,  315660845 ,
185:,	00616563.htm ,	      433 B 	,  315680737 ,
186:,	00616581.htm ,	      973 B 	,  315689507 ,
187:,	00616619.htm ,	       3 KB 	,  315709181 ,
188:,	00616644.htm ,	       3 KB 	,  315722092 ,
189:,	00616672.htm ,	       3 KB 	,  315736209 ,
190:,	00616723.htm ,	       1 KB 	,  315762615 ,
191:,	00616740.htm ,	       3 KB 	,  315771040 ,
192:,	00616769.htm ,	      37 KB 	,  315786057 ,
193:,	00616864.htm ,	       5 KB 	,  315834854 ,
194:,	00616931.htm ,	       1 KB 	,  315868996 ,
195:,	00616967.htm ,	       1 KB 	,  315887404 ,
196:,	00616974.htm ,	       6 KB 	,  315890709 ,
197:,	00617055.htm ,	       3 KB 	,  315932202 ,
198:,	00617106.htm ,	      17 KB 	,  315958544 ,
199:,	00617154.htm ,	       4 KB 	,  315983258 ,
200:,	00617303.htm ,	       3 KB 	,  316059301 ,
201:,	00617367.htm ,	       4 KB 	,  316092286 ,
202:,	00617406.htm ,	       1 KB 	,  316112242 ,
203:,	00617416.htm ,	      10 KB 	,  316117120 ,
204:,	00617474.htm ,	      637 B 	,  316146991 ,
205:,	00617478.htm ,	      637 B 	,  316149236 ,
206:,	00617492.htm ,	       3 KB 	,  316156125 ,
207:,	00617546.htm ,	      840 B 	,  316183977 ,
208:,	00617684.htm ,	       1 KB 	,  316254619 ,
209:,	00617696.htm ,	      617 B 	,  316260586 ,
210:,	00617736.htm ,	       3 KB 	,  316281303 ,
211:,	00617776.htm ,	       1 KB 	,  316301667 ,
212:,	00617831.htm ,	       1 KB 	,  316329600 ,
213:,	00617860.htm ,	       1 KB 	,  316344618 ,
214:,	00617866.htm ,	      10 KB 	,  316347793 ,
215:,	00617930.htm ,	       3 KB 	,  316380253 ,
216:,	00617961.htm ,	       1 KB 	,  316396252 ,
217:,	00618012.htm ,	      497 B 	,  316422210 ,
218:,	00618031.htm ,	       1 KB 	,  316432232 ,
219:,	00618053.htm ,	       4 KB 	,  316443454 ,
220:,	00618138.htm ,	      780 B 	,  316486899 ,
221:,	00618192.htm ,	      781 B 	,  316514735 ,
222:,	00618249.htm ,	       2 KB 	,  316543675 ,
223:,	00618273.htm ,	       1 KB 	,  316556135 ,
224:,	00618282.htm ,	       2 KB 	,  316560430 ,
225:,	00618307.htm ,	       1 KB 	,  316573624 ,
226:,	00618332.htm ,	       1 KB 	,  316586390 ,
227:,	00618358.htm ,	       2 KB 	,  316599388 ,
228:,	00618396.htm ,	       3 KB 	,  316618965 ,
229:,	00618447.htm ,	       1 KB 	,  316645214 ,
230:,	00618453.htm ,	       1 KB 	,  316648319 ,
231:,	00618460.htm ,	       1 KB 	,  316651523 ,
232:,	00618466.htm ,	       1 KB 	,  316654646 ,
233:,	00618514.htm ,	       3 KB 	,  316679359 ,
234:,	00618542.htm ,	      376 B 	,  316693610 ,
235:,	00618575.htm ,	       3 KB 	,  316710627 ,
236:,	00618671.htm ,	       1 KB 	,  316759947 ,
237:,	00618685.htm ,	       3 KB 	,  316766749 ,
238:,	00618704.htm ,	       2 KB 	,  316776942 ,
239:,	00618751.htm ,	      876 B 	,  316800554 ,
240:,	00618768.htm ,	       2 KB 	,  316809229 ,
241:,	00618816.htm ,	       1 KB 	,  316834232 ,
242:,	00618862.htm ,	      17 KB 	,  316857510 ,
243:,	00618900.htm ,	      494 B 	,  316877215 ,
244:,	00618910.htm ,	       3 KB 	,  316882312 ,
245:,	00618959.htm ,	       5 KB 	,  316907429 ,
246:,	00619018.htm ,	       1 KB 	,  316937566 ,
247:,	00619055.htm ,	       4 KB 	,  316956597 ,
248:,	00619139.htm ,	       2 KB 	,  316999360 ,
249:,	00619166.htm ,	       2 KB 	,  317013114 ,
250:,	00619209.htm ,	       1 KB 	,  317035128 ,
251:,	00619218.htm ,	       2 KB 	,  317039816 ,
252:,	00619247.htm ,	       3 KB 	,  317054648 ,
253:,	00619294.htm ,	      824 B 	,  317078988 ,
254:,	00619300.htm ,	      937 B 	,  317081944 ,
255:,	00619306.htm ,	       1 KB 	,  317085066 ,
256:,	00619313.htm ,	       1 KB 	,  317088766 ,
257:,	00619398.htm ,	      21 KB 	,  317131782 ,
258:,	00619463.htm ,	       7 KB 	,  317165396 ,
259:,	00619503.htm ,	       6 KB 	,  317185671 ,
260:,	00619534.htm ,	       1 KB 	,  317201839 ,
261:,	00619539.htm ,	       1 KB 	,  317204408 ,
262:,	00619547.htm ,	       1 KB 	,  317208455 ,
263:,	00619573.htm ,	       2 KB 	,  317221497 ,
264:,	00619601.htm ,	      182 B 	,  317235917 ,
265:,	00619701.htm ,	       3 KB 	,  317286997 ,
266:,	00619735.htm ,	       3 KB 	,  317304587 ,
267:,	00619772.htm ,	       2 KB 	,  317323470 ,
268:,	00619790.htm ,	      612 B 	,  317332506 ,
269:,	00619795.htm ,	      392 B 	,  317335118 ,
270:,	00619826.htm ,	      497 B 	,  317351202 ,
271:,	00619853.htm ,	      17 KB 	,  317365203 ,
272:,	00619905.htm ,	       1 KB 	,  317391606 ,
273:,	00619917.htm ,	       1 KB 	,  317397607 ,
274:,	00619923.htm ,	      740 B 	,  317401004 ,
275:,	00619928.htm ,	      824 B 	,  317403466 ,
276:,	00619983.htm ,	       1 KB 	,  317431412 ,
277:,	00619991.htm ,	       1 KB 	,  317435676 ,
278:,	00620000.htm ,	       2 KB 	,  317440466 ,
279:,	00620026.htm ,	       3 KB 	,  317453390 ,
280:,	00620045.htm ,	       2 KB 	,  317463348 ,
281:,	00620059.htm ,	       3 KB 	,  317470379 ,
282:,	00620092.htm ,	       3 KB 	,  317487479 ,
283:,	00620120.htm ,	       1 KB 	,  317501811 ,
284:,	00620153.htm ,	       5 KB 	,  317518524 ,
285:,	00620180.htm ,	       1 KB 	,  317532407 ,
286:,	00620187.htm ,	      390 B 	,  317536228 ,
287:,	00620218.htm ,	      10 KB 	,  317551830 ,
288:,	00620251.htm ,	       3 KB 	,  317569006 ,
289:,	00620289.htm ,	       3 KB 	,  317588171 ,
290:,	00620326.htm ,	      22 KB 	,  317607062 ,
291:,	00620391.htm ,	       2 KB 	,  317640322 ,
292:,	00620405.htm ,	       2 KB 	,  317647568 ,
293:,	00620422.htm ,	       2 KB 	,  317656325 ,
294:,	00620438.htm ,	      462 B 	,  317664583 ,
295:,	00620482.htm ,	       1 KB 	,  317687075 ,
296:,	00620489.htm ,	      641 B 	,  317690579 ,
297:,	00620538.htm ,	       1 KB 	,  317715620 ,
298:,	00620565.htm ,	      505 B 	,  317729513 ,
299:,	00620570.htm ,	       2 KB 	,  317731929 ,
300:,	00620585.htm ,	       2 KB 	,  317739540 ,
301:,	00620614.htm ,	      13 KB 	,  317754740 ,
302:,	00620650.htm ,	       3 KB 	,  317773130 ,
303:,	00620713.htm ,	       1 KB 	,  317805182 ,
304:,	00620742.htm ,	       1 KB 	,  317820213 ,
305:,	00620792.htm ,	       3 KB 	,  317845640 ,
306:,	00620837.htm ,	       3 KB 	,  317868685 ,
307:,	00620861.htm ,	      14 KB 	,  317880932 ,
308:,	00620905.htm ,	       2 KB 	,  317903868 ,
309:,	00620915.htm ,	       1 KB 	,  317908591 ,
310:,	00620922.htm ,	       1 KB 	,  317912329 ,
311:,	00620936.htm ,	       2 KB 	,  317919273 ,
312:,	00620957.htm ,	       2 KB 	,  317930221 ,
313:,	00620982.htm ,	      239 B 	,  317942997 ,
314:,	00620992.htm ,	       1 KB 	,  317947962 ,
315:,	00621004.htm ,	      396 B 	,  317954170 ,
316:,	00621028.htm ,	       2 KB 	,  317966681 ,
317:,	00621047.htm ,	       4 KB 	,  317976453 ,
318:,	00621059.htm ,	       2 KB 	,  317982428 ,
319:,	00621068.htm ,	       2 KB 	,  317987046 ,
320:,	00621083.htm ,	       3 KB 	,  317994788 ,
321:,	00621110.htm ,	       3 KB 	,  318008697 ,
322:,	00621132.htm ,	       3 KB 	,  318019830 ,
323:,	00621153.htm ,	       3 KB 	,  318030399 ,
324:,	00621162.htm ,	       2 KB 	,  318035118 ,
325:,	00621173.htm ,	       5 KB 	,  318041024 ,
326:,	00621188.htm ,	       3 KB 	,  318048661 ,
327:,	00621199.htm ,	       2 KB 	,  318054045 ,
328:,	00621219.htm ,	       3 KB 	,  318064222 ,
329:,	00621236.htm ,	      356 B 	,  318073122 ,
330:,	00621353.htm ,	       3 KB 	,  318132817 ,
331:,	00621376.htm ,	       2 KB 	,  318144575 ,
332:,	00621391.htm ,	       2 KB 	,  318152519 ,
333:,	00621415.htm ,	       1 KB 	,  318164642 ,
334:,	00621427.htm ,	       3 KB 	,  318170812 ,
335:,	00621461.htm ,	     1009 B 	,  318188360 ,
336:,	00621474.htm ,	      14 KB 	,  318194708 ,
337:,	00621508.htm ,	       1 KB 	,  318212582 ,
338:,	00621515.htm ,	       1 KB 	,  318215950 ,
339:,	00621527.htm ,	       3 KB 	,  318222253 ,
340:,	00621556.htm ,	       4 KB 	,  318237021 ,
341:,	00621581.htm ,	       2 KB 	,  318249879 ,
342:,	00621593.htm ,	       2 KB 	,  318255828 ,
343:,	00621601.htm ,	      17 KB 	,  318260175 ,
344:,	00621639.htm ,	      258 B 	,  318279210 ,
345:,	00621652.htm ,	       2 KB 	,  318286088 ,
346:,	00621679.htm ,	       3 KB 	,  318300120 ,
347:,	00621699.htm ,	       3 KB 	,  318309974 ,
348:,	00621758.htm ,	       3 KB 	,  318340239 ,
349:,	00621791.htm ,	       3 KB 	,  318357375 ,
350:,	00621818.htm ,	       3 KB 	,  318370957 ,
351:,	00621840.htm ,	       3 KB 	,  318382255 ,
352:,	00621878.htm ,	       3 KB 	,  318401893 ,
353:,	00621904.htm ,	       3 KB 	,  318415001 ,
354:,	00621931.htm ,	       3 KB 	,  318428845 ,
355:,	00621953.htm ,	       2 KB 	,  318439973 ,
356:,	00621962.htm ,	       2 KB 	,  318444625 ,
357:,	00622018.htm ,	       3 KB 	,  318473448 ,
358:,	00622042.htm ,	       1 KB 	,  318485702 ,
359:,	00622049.htm ,	       1 KB 	,  318489473 ,
360:,	00622066.htm ,	       3 KB 	,  318498046 ,
361:,	00622094.htm ,	       3 KB 	,  318512139 ,
362:,	00622129.htm ,	      497 B 	,  318530454 ,
363:,	00622133.htm ,	      126 B 	,  318532183 ,
364:,	00622177.htm ,	       1 KB 	,  318554857 ,
365:,	00622194.htm ,	       1 KB 	,  318563557 ,
366:,	00622207.htm ,	       30 B 	,  318570468 ,
367:,	00622235.htm ,	       3 KB 	,  318584325 ,
368:,	00622305.htm ,	       2 KB 	,  318620472 ,
369:,	00622316.htm ,	       2 KB 	,  318625989 ,
370:,	00622340.htm ,	      898 B 	,  318638147 ,
371:,	00622414.htm ,	       1 KB 	,  318676255 ,
372:,	00622421.htm ,	       1 KB 	,  318679920 ,
373:,	00622445.htm ,	       2 KB 	,  318691892 ,
374:,	00622458.htm ,	       2 KB 	,  318698768 ,
375:,	00622478.htm ,	      383 B 	,  318709088 ,
376:,	00622539.htm ,	      16 KB 	,  318740299 ,
377:,	00622582.htm ,	       6 KB 	,  318762307 ,
378:,	00622894.htm ,	      457 B 	,  318921969 ,
379:,	00622938.htm ,	       5 KB 	,  318944587 ,
380:,	00622977.htm ,	       1 KB 	,  318964391 ,
381:,	00622999.htm ,	      877 B 	,  318975697 ,
382:,	00623004.htm ,	      740 B 	,  318978545 ,
383:,	00623009.htm ,	       1 KB 	,  318980809 ,
384:,	00623016.htm ,	       1 KB 	,  318984342 ,
385:,	00623030.htm ,	       1 KB 	,  318991568 ,
386:,	00623041.htm ,	       3 KB 	,  318997234 ,
387:,	00623066.htm ,	       1 KB 	,  319009896 ,
388:,	00623103.htm ,	       3 KB 	,  319029159 ,
389:,	00623169.htm ,	       3 KB 	,  319062953 ,
390:,	00623191.htm ,	      545 B 	,  319073803 ,
391:,	00623195.htm ,	      545 B 	,  319075914 ,
392:,	00623207.htm ,	       3 KB 	,  319082182 ,
393:,	00623242.htm ,	       4 KB 	,  319100112 ,
394:,	00623260.htm ,	       3 KB 	,  319109222 ,
395:,	00623289.htm ,	       3 KB 	,  319124139 ,
396:,	00623331.htm ,	       1 KB 	,  319145626 ,
397:,	00623370.htm ,	       1 KB 	,  319165517 ,
398:,	00623395.htm ,	       2 KB 	,  319178658 ,
399:,	00623419.htm ,	      390 B 	,  319190658 ,
400:,	00623441.htm ,	       1 KB 	,  319202252 ,
401:,	00623458.htm ,	       3 KB 	,  319210644 ,
402:,	00623486.htm ,	       3 KB 	,  319225039 ,
403:,	00623516.htm ,	       1 KB 	,  319240648 ,
404:,	00623523.htm ,	       1 KB 	,  319244094 ,
405:,	00623531.htm ,	       1 KB 	,  319247934 ,
406:,	00623545.htm ,	       1 KB 	,  319255523 ,
407:,	00623576.htm ,	       5 KB 	,  319271108 ,
408:,	00623603.htm ,	       3 KB 	,  319284902 ,
409:,	00623630.htm ,	       2 KB 	,  319298695 ,
410:,	00623643.htm ,	       3 KB 	,  319305548 ,
411:,	00623666.htm ,	       1 KB 	,  319317074 ,
412:,	00623693.htm ,	       3 KB 	,  319331188 ,
413:,	00623725.htm ,	       5 KB 	,  319347277 ,
414:,	00623761.htm ,	       1 KB 	,  319366133 ,
415:,	00623777.htm ,	       4 KB 	,  319373855 ,
416:,	00623792.htm ,	       1 KB 	,  319381827 ,
417:,	00623817.htm ,	       1 KB 	,  319394401 ,
418:,	00623842.htm ,	      863 B 	,  319407301 ,
419:,	00623847.htm ,	      869 B 	,  319409681 ,
420:,	00623875.htm ,	       3 KB 	,  319424087 ,
421:,	00623923.htm ,	      16 KB 	,  319448768 ,
422:,	00624002.htm ,	       1 KB 	,  319489118 ,
423:,	00624020.htm ,	       2 KB 	,  319498443 ,
424:,	00624046.htm ,	      383 B 	,  319511592 ,
425:,	00624081.htm ,	       1 KB 	,  319529482 ,
426:,	00624116.htm ,	      607 B 	,  319547612 ,
427:,	00624156.htm ,	      604 B 	,  319568139 ,
428:,	00624192.htm ,	       2 KB 	,  319586803 ,
429:,	00624207.htm ,	       3 KB 	,  319594397 ,
430:,	00624244.htm ,	       3 KB 	,  319613079 ,
431:,	00624274.htm ,	       1 KB 	,  319628384 ,
432:,	00624281.htm ,	       2 KB 	,  319632343 ,
433:,	00624297.htm ,	       3 KB 	,  319640414 ,
434:,	00624334.htm ,	       1 KB 	,  319659076 ,
435:,	00624342.htm ,	       1 KB 	,  319663462 ,
436:,	00624355.htm ,	      867 B 	,  319670218 ,
437:,	00624360.htm ,	      831 B 	,  319672534 ,
438:,	00624367.htm ,	       3 KB 	,  319675966 ,
439:,	00624378.htm ,	       1 KB 	,  319681942 ,
440:,	00624404.htm ,	       3 KB 	,  319695041 ,
441:,	00624432.htm ,	       3 KB 	,  319709491 ,
442:,	00624454.htm ,	       3 KB 	,  319720512 ,
443:,	00624512.htm ,	       1 KB 	,  319750642 ,
444:,	00624528.htm ,	      384 B 	,  319758785 ,
445:,	00624555.htm ,	       1 KB 	,  319772180 ,
446:,	00624563.htm ,	       2 KB 	,  319776690 ,
447:,	00624583.htm ,	      494 B 	,  319786724 ,
448:,	00624595.htm ,	       2 KB 	,  319792663 ,
449:,	00624621.htm ,	       7 KB 	,  319805960 ,
450:,	00624669.htm ,	       1 KB 	,  319830742 ,
451:,	00624685.htm ,	      384 B 	,  319838940 ,
452:,	00624727.htm ,	       2 KB 	,  319860262 ,
453:,	00624737.htm ,	       2 KB 	,  319865788 ,
454:,	00624750.htm ,	       3 KB 	,  319872385 ,
455:,	00624792.htm ,	       3 KB 	,  319893824 ,
456:,	00624824.htm ,	       3 KB 	,  319910238 ,
457:,	00624882.htm ,	       3 KB 	,  319939680 ,
458:,	00624902.htm ,	      36 KB 	,  319950097 ,
459:,	00624989.htm ,	      342 B 	,  319994757 ,
460:,	00624994.htm ,	      342 B 	,  319997004 ,
461:,	00624998.htm ,	      342 B 	,  319999251 ,
462:,	00625002.htm ,	      342 B 	,  320001496 ,
463:,	00625012.htm ,	       3 KB 	,  320006489 ,
464:,	00625049.htm ,	      578 B 	,  320025200 ,
465:,	00625122.htm ,	      578 B 	,  320062609 ,
466:,	00625195.htm ,	      48 KB 	,  320099867 ,
467:,	00625295.htm ,	       1 KB 	,  320151110 ,
468:,	00625320.htm ,	      388 B 	,  320163874 ,
469:,	00625349.htm ,	       1 KB 	,  320178911 ,
470:,	00625354.htm ,	       1 KB 	,  320181756 ,
471:,	00625366.htm ,	       2 KB 	,  320187422 ,
472:,	00625391.htm ,	       2 KB 	,  320200561 ,
473:,	00625416.htm ,	       3 KB 	,  320213019 ,
474:,	00625435.htm ,	       1 KB 	,  320222811 ,
475:,	00625447.htm ,	       4 KB 	,  320229082 ,
476:,	00625467.htm ,	       3 KB 	,  320239406 ,
477:,	00625492.htm ,	       1 KB 	,  320252376 ,
478:,	00625499.htm ,	       1 KB 	,  320255696 ,
479:,	00625512.htm ,	       3 KB 	,  320262234 ,
480:,	00625540.htm ,	       1 KB 	,  320276607 ,
481:,	00625547.htm ,	       3 KB 	,  320280231 ,
482:,	00625564.htm ,	       3 KB 	,  320288959 ,
483:,	00625590.htm ,	       3 KB 	,  320302456 ,
484:,	00625624.htm ,	      491 B 	,  320319885 ,
485:,	00625655.htm ,	       1 KB 	,  320335470 ,
486:,	00625683.htm ,	       3 KB 	,  320350035 ,
487:,	00625704.htm ,	      632 B 	,  320360675 ,
488:,	00625708.htm ,	      632 B 	,  320362938 ,
489:,	00625728.htm ,	       1 KB 	,  320373144 ,
490:,	00625781.htm ,	       1 KB 	,  320399895 ,
491:,	00625786.htm ,	       1 KB 	,  320402744 ,
492:,	00625807.htm ,	       1 KB 	,  320413501 ,
493:,	00625819.htm ,	       3 KB 	,  320419338 ,
494:,	00625888.htm ,	       3 KB 	,  320454823 ,
495:,	00625914.htm ,	       3 KB 	,  320468147 ,
496:,	00625949.htm ,	       3 KB 	,  320486033 ,
497:,	00625973.htm ,	       1 KB 	,  320498389 ,
498:,	00625978.htm ,	       1 KB 	,  320501238 ,
499:,	00625990.htm ,	       1 KB 	,  320507343 ,
500:,	00626011.htm ,	       1 KB 	,  320518139 ,
501:,	00626017.htm ,	      632 B 	,  320521071 ,
502:,	00626022.htm ,	      632 B 	,  320523269 ,
503:,	00626028.htm ,	       1 KB 	,  320526524 ,
504:,	00626066.htm ,	       1 KB 	,  320546056 ,
505:,	00626074.htm ,	       1 KB 	,  320550071 ,
506:,	00626080.htm ,	       2 KB 	,  320553317 ,
507:,	00626096.htm ,	       2 KB 	,  320561310 ,
508:,	00626119.htm ,	       3 KB 	,  320572972 ,
509:,	00626147.htm ,	       3 KB 	,  320587559 ,
510:,	00626177.htm ,	      381 B 	,  320602865 ,
511:,	00626181.htm ,	      675 B 	,  320604713 ,
512:,	00626190.htm ,	       3 KB 	,  320609581 ,
513:,	00626224.htm ,	      433 B 	,  320627170 ,
514:,	00626246.htm ,	       3 KB 	,  320638020 ,
515:,	00626273.htm ,	       1 KB 	,  320651983 ,
516:,	00626308.htm ,	       3 KB 	,  320669794 ,
517:,	00626344.htm ,	       3 KB 	,  320688423 ,
518:,	00626369.htm ,	       2 KB 	,  320701088 ,
519:,	00626391.htm ,	       4 KB 	,  320712432 ,
520:,	00626520.htm ,	       1 KB 	,  320778487 ,
521:,	00626542.htm ,	       1 KB 	,  320789588 ,
522:,	00626554.htm ,	       2 KB 	,  320796046 ,
523:,	00626564.htm ,	      917 B 	,  320800857 ,
524:,	00626574.htm ,	       3 KB 	,  320806290 ,
525:,	00626596.htm ,	      47 KB 	,  320817484 ,
526:,	00626694.htm ,	      632 B 	,  320867355 ,
527:,	00626698.htm ,	      632 B 	,  320869523 ,
528:,	00626721.htm ,	       1 KB 	,  320881557 ,
529:,	00626730.htm ,	      708 B 	,  320885990 ,
530:,	00626740.htm ,	       1 KB 	,  320890946 ,
531:,	00626759.htm ,	       3 KB 	,  320900614 ,
532:,	00627069.htm ,	       3 KB 	,  321059814 ,
533:,	00627110.htm ,	       2 KB 	,  321080487 ,
534:,	00627126.htm ,	       1 KB 	,  321088512 ,
535:,	00627157.htm ,	       1 KB 	,  321104669 ,
536:,	00627188.htm ,	       5 KB 	,  321120376 ,
537:,	00627262.htm ,	       3 KB 	,  321158441 ,
538:,	00627299.htm ,	       3 KB 	,  321177334 ,
539:,	00627332.htm ,	       3 KB 	,  321194452 ,
540:,	00627362.htm ,	       3 KB 	,  321209688 ,
541:,	00627397.htm ,	       7 KB 	,  321227427 ,
542:,	00627441.htm ,	       2 KB 	,  321249794 ,
543:,	00627522.htm ,	       4 KB 	,  321291304 ,
544:,	00627551.htm ,	       4 KB 	,  321306575 ,
545:,	00627578.htm ,	       4 KB 	,  321320110 ,
546:,	00627601.htm ,	       1 KB 	,  321331780 ,
547:,	00627623.htm ,	       1 KB 	,  321343274 ,
548:,	00627646.htm ,	       1 KB 	,  321355125 ,
549:,	00627668.htm ,	       3 KB 	,  321366049 ,
550:,	00627679.htm ,	       8 KB 	,  321371860 ,
551:,	00627700.htm ,	      501 B 	,  321382565 ,
552:,	00627705.htm ,	      443 B 	,  321385051 ,
553:,	00627738.htm ,	      443 B 	,  321402080 ,
554:,	00627770.htm ,	       1 KB 	,  321418367 ,
555:,	00627783.htm ,	       3 KB 	,  321425302 ,
556:,	00627806.htm ,	      388 B 	,  321437013 ,
557:,	00627861.htm ,	       1 KB 	,  321465247 ,
558:,	00627887.htm ,	       2 KB 	,  321478354 ,
559:,	00627924.htm ,	       1 KB 	,  321497382 ,
560:,	00627942.htm ,	      11 KB 	,  321506725 ,
561:,	00627975.htm ,	      487 B 	,  321523613 ,
562:,	00627985.htm ,	       3 KB 	,  321528694 ,
563:,	00628025.htm ,	       2 KB 	,  321549159 ,
564:,	00628052.htm ,	       1 KB 	,  321562933 ,
565:,	00628084.htm ,	      13 KB 	,  321579155 ,
566:,	00628159.htm ,	      16 KB 	,  321617451 ,
567:,	00628216.htm ,	       1 KB 	,  321646871 ,
568:,	00628222.htm ,	       1 KB 	,  321650151 ,
569:,	00628246.htm ,	      396 B 	,  321661988 ,
570:,	00628280.htm ,	       3 KB 	,  321679507 ,
571:,	00628353.htm ,	       1 KB 	,  321717147 ,
572:,	00628375.htm ,	       1 KB 	,  321728131 ,
573:,	00628381.htm ,	       1 KB 	,  321731316 ,
574:,	00628389.htm ,	       1 KB 	,  321735644 ,
575:,	00628416.htm ,	       2 KB 	,  321749349 ,
576:,	00628453.htm ,	       3 KB 	,  321768237 ,
577:,	00628510.htm ,	      16 KB 	,  321797275 ,
578:,	00628586.htm ,	       2 KB 	,  321836357 ,
579:,	00628618.htm ,	       4 KB 	,  321852455 ,
580:,	00628633.htm ,	       3 KB 	,  321860366 ,
581:,	00628673.htm ,	      876 B 	,  321880896 ,
582:,	00628678.htm ,	      876 B 	,  321883326 ,
583:,	00628686.htm ,	       2 KB 	,  321887350 ,
584:,	00628714.htm ,	       2 KB 	,  321901685 ,
585:,	00628773.htm ,	       1 KB 	,  321932066 ,
586:,	00628798.htm ,	       1 KB 	,  321944980 ,
587:,	00628822.htm ,	       3 KB 	,  321957156 ,
588:,	00628859.htm ,	       1 KB 	,  321976138 ,
589:,	00628866.htm ,	       1 KB 	,  321979491 ,
590:,	00628873.htm ,	       1 KB 	,  321983086 ,
591:,	00628884.htm ,	       1 KB 	,  321989045 ,
592:,	00628894.htm ,	       1 KB 	,  321993745 ,
593:,	00628903.htm ,	       2 KB 	,  321998829 ,
594:,	00628929.htm ,	       1 KB 	,  322012007 ,
595:,	00628951.htm ,	      18 KB 	,  322023204 ,
596:,	00628992.htm ,	       2 KB 	,  322044393 ,
597:,	00629009.htm ,	       3 KB 	,  322052727 ,
598:,	00629026.htm ,	       3 KB 	,  322061573 ,
599:,	00629056.htm ,	     1021 B 	,  322076969 ,
600:,	00629062.htm ,	       1 KB 	,  322080029 ,
601:,	00629072.htm ,	      874 B 	,  322085172 ,
602:,	00629077.htm ,	      874 B 	,  322087591 ,
603:,	00629081.htm ,	       2 KB 	,  322089818 ,
604:,	00629096.htm ,	       4 KB 	,  322097416 ,
605:,	00629120.htm ,	       1 KB 	,  322109856 ,
606:,	00629129.htm ,	       4 KB 	,  322114054 ,
607:,	00629141.htm ,	       1 KB 	,  322120370 ,
608:,	00629147.htm ,	       1 KB 	,  322123463 ,
609:,	00629153.htm ,	       1 KB 	,  322126572 ,
610:,	00629159.htm ,	       1 KB 	,  322129647 ,
611:,	00629182.htm ,	       1 KB 	,  322141622 ,
612:,	00629204.htm ,	       1 KB 	,  322152523 ,
613:,	00629231.htm ,	       3 KB 	,  322166431 ,
614:,	00629252.htm ,	       3 KB 	,  322177117 ,
615:,	00640620.exe ,	     476 KB 	,  327997440 ,	 01/14/2007 20:28:44
616:,	00641850.exe ,	     476 KB 	,  328627200 ,	 01/14/2007 20:28:31
617:,	00633741.mpg ,	       1 MB 	,  324475392 ,